<?xml version="1.0" encoding="UTF-8"?>
<project-private xmlns="http://www.netbeans.org/ns/project-private/1">
    <editor-bookmarks xmlns="http://www.netbeans.org/ns/editor-bookmarks/2" lastBookmarkId="0"/>
    <open-files xmlns="http://www.netbeans.org/ns/projectui-open-files/2">
        <group>
            <file>file:/C:/Users/xelab/Documents/Uni/Curso3/Cuatri2/DSE/DSE_22-23/P3/P3_LCD_v2/main_P3_LCD_v2.c</file>
            <file>file:/C:/Users/xelab/Documents/Uni/Curso3/Cuatri2/DSE/DSE_22-23/P3/P3_LCD_v2/timers.h</file>
            <file>file:/C:/Users/xelab/Documents/Uni/Curso3/Cuatri2/DSE/DSE_22-23/P3/P3_LCD_v2/LCD.c</file>
            <file>file:/C:/Users/xelab/Documents/Uni/Curso3/Cuatri2/DSE/DSE_22-23/P3/P3_LCD_v2/timers.c</file>
        </group>
    </open-files>
</project-private>
