<?xml version="1.0" encoding="UTF-8"?>
<project-private xmlns="http://www.netbeans.org/ns/project-private/1">
    <editor-bookmarks xmlns="http://www.netbeans.org/ns/editor-bookmarks/2" lastBookmarkId="0"/>
    <open-files xmlns="http://www.netbeans.org/ns/projectui-open-files/2">
        <group>
            <file>file:/C:/Users/xelab/Documents/Uni/Curso3/Cuatri2/DSE/DSE_22-23/P7/P7_I2C/i2c_funciones.c</file>
            <file>file:/C:/Users/xelab/Documents/Uni/Curso3/Cuatri2/DSE/DSE_22-23/P7/P7_I2C/srf08.c</file>
            <file>file:/C:/Users/xelab/Documents/Uni/Curso3/Cuatri2/DSE/DSE_22-23/P7/P7_I2C/timers.h</file>
            <file>file:/C:/Users/xelab/Documents/Uni/Curso3/Cuatri2/DSE/DSE_22-23/P7/P7_I2C/main_P7_I2C_v1.c</file>
            <file>file:/C:/Users/xelab/Documents/Uni/Curso3/Cuatri2/DSE/DSE_22-23/P7/P7_I2C/commons.h</file>
            <file>file:/C:/Users/xelab/Documents/Uni/Curso3/Cuatri2/DSE/DSE_22-23/P7/P7_I2C/timers.c</file>
        </group>
    </open-files>
</project-private>
